{
  "providers": [
    {
      "file": "nova:gui/guis/empty.png",
      "height": 135,
      "ascent": 13,
      "type": "bitmap",
      "chars": [
        ""
      ]
    },
    {
      "file": "nova:gui/guis/recipe/crafting.png",
      "height": 135,
      "ascent": 13,
      "type": "bitmap",
      "chars": [
        ""
      ]
    },
    {
      "file": "nova:gui/guis/items/2.png",
      "height": 135,
      "ascent": 13,
      "type": "bitmap",
      "chars": [
        ""
      ]
    },
    {
      "file": "nova:gui/guis/recipe/conversion.png",
      "height": 135,
      "ascent": 13,
      "type": "bitmap",
      "chars": [
        ""
      ]
    },
    {
      "file": "nova:gui/guis/items/1.png",
      "height": 135,
      "ascent": 13,
      "type": "bitmap",
      "chars": [
        ""
      ]
    },
    {
      "file": "nova:gui/guis/items/4.png",
      "height": 135,
      "ascent": 13,
      "type": "bitmap",
      "chars": [
        ""
      ]
    },
    {
      "file": "nova:gui/guis/search.png",
      "height": 70,
      "ascent": 13,
      "type": "bitmap",
      "chars": [
        ""
      ]
    },
    {
      "file": "nova:gui/guis/items/3.png",
      "height": 135,
      "ascent": 13,
      "type": "bitmap",
      "chars": [
        ""
      ]
    },
    {
      "file": "nova:gui/guis/items/0.png",
      "height": 135,
      "ascent": 13,
      "type": "bitmap",
      "chars": [
        ""
      ]
    },
    {
      "file": "nova:gui/guis/recipe/smithing.png",
      "height": 135,
      "ascent": 13,
      "type": "bitmap",
      "chars": [
        ""
      ]
    },
    {
      "file": "nova:gui/guis/recipe/furnace.png",
      "height": 135,
      "ascent": 13,
      "type": "bitmap",
      "chars": [
        ""
      ]
    },
    {
      "file": "nova:gui/guis/color_picker.png",
      "height": 75,
      "ascent": 13,
      "type": "bitmap",
      "chars": [
        ""
      ]
    }
  ]
}